INSERT INTO detonation_subcategories(detonation_id, category_id)
VALUES 
(317, 3); -- 317

INSERT INTO detonations(name, category_id, file_name, added_by, citation_id, legacy)
VALUES 
('at143a', 2, 'at143a.txt', 'Joe Shepherd', 56, 1); -- 317

INSERT INTO detonation_details(detonation_id, detail_id)
VALUES 
(317, 1), -- 2160
(317, 238), -- 2161
(317, 13), -- 2162
(317, 55), -- 2163
(317, 5), -- 2164
(317, 6); -- 2165

INSERT INTO data_points(column_data, property_id, detonation_id)
VALUES 
('[2.2965, 1.8565, 1.2539, 0.60877, 0.2287]', 30, 317), -- 757
('[64.10839, 59.08254, 49.37364, 32.13381, 15.10155]', 28, 317), -- 758
('[207.22, 150.44, 89.231, 50.511, 23.802]', 42, 317); -- 759

------------------------

INSERT INTO detonation_subcategories(detonation_id, category_id)
VALUES 
(318, 3); -- 318

INSERT INTO details(property_id, value)
VALUES 
(3, '203.0'); -- 368

INSERT INTO detonations(name, category_id, file_name, added_by, citation_id, legacy)
VALUES 
('at137h', 2, 'at137h.txt', 'Joe Shepherd', 80, 1); -- 318

INSERT INTO detonation_details(detonation_id, detail_id)
VALUES 
(318, 17), -- 2166
(318, 238), -- 2167
(318, 13), -- 2168
(318, 214), -- 2169
(318, 368), -- 2170
(318, 5), -- 2171
(318, 6); -- 2172

INSERT INTO data_points(column_data, property_id, detonation_id)
VALUES 
('[52.48, 26.902, 12.092, 6.2883]', 42, 318), -- 760
('[0.28768, 0.53528, 1.1701, 2.1623]', 17, 318), -- 761
('[29.14198, 54.22386, 118.5311, 219.041]', 1, 318); -- 762

------------------------

INSERT INTO detonation_subcategories(detonation_id, category_id)
VALUES 
(319, 3); -- 319

INSERT INTO details(property_id, value)
VALUES 
(2, '23.0'), -- 369
(3, '96.0'); -- 370

INSERT INTO detonations(name, category_id, file_name, added_by, citation_id, legacy)
VALUES 
('at137i', 2, 'at137i.txt', 'Joe Shepherd', 80, 1); -- 319

INSERT INTO detonation_details(detonation_id, detail_id)
VALUES 
(319, 17), -- 2173
(319, 239), -- 2174
(319, 13), -- 2175
(319, 369), -- 2176
(319, 370), -- 2177
(319, 5), -- 2178
(319, 6); -- 2179

INSERT INTO data_points(column_data, property_id, detonation_id)
VALUES 
('[12.1, 26.8, 51.9]', 42, 319), -- 763
('[0.932, 0.445, 0.243]', 17, 319), -- 764
('[94.45009, 45.08053, 24.57234]', 1, 319); -- 765

------------------------

INSERT INTO detonation_subcategories(detonation_id, category_id)
VALUES 
(320, 3); -- 320

INSERT INTO details(property_id, value)
VALUES 
(3, '132.0'); -- 371

INSERT INTO detonations(name, category_id, file_name, added_by, citation_id, legacy)
VALUES 
('at137j', 2, 'at137j.txt', 'Joe Shepherd', 80, 1); -- 320

INSERT INTO detonation_details(detonation_id, detail_id)
VALUES 
(320, 17), -- 2180
(320, 256), -- 2181
(320, 13), -- 2182
(320, 80), -- 2183
(320, 371), -- 2184
(320, 5), -- 2185
(320, 6); -- 2186

INSERT INTO data_points(column_data, property_id, detonation_id)
VALUES 
('[51.743, 26.514, 12.096, 6.2444]', 42, 320), -- 766
('[0.1852, 0.35202, 0.74286, 1.3922]', 17, 320), -- 767
('[18.76076, 35.65963, 75.25172, 141.0299]', 1, 320); -- 768

------------------------

INSERT INTO detonation_subcategories(detonation_id, category_id)
VALUES 
(321, 3); -- 321

INSERT INTO details(property_id, value)
VALUES 
(10, '1.4'); -- 372

INSERT INTO detonations(name, category_id, file_name, added_by, citation_id, legacy)
VALUES 
('at66d', 2, 'at66d.txt', 'Joe Shepherd', 80, 1); -- 321

INSERT INTO detonation_details(detonation_id, detail_id)
VALUES 
(321, 1), -- 2187
(321, 238), -- 2188
(321, 13), -- 2189
(321, 55), -- 2190
(321, 5), -- 2191
(321, 372); -- 2192

INSERT INTO data_points(column_data, property_id, detonation_id)
VALUES 
('[0.0, 0.48848, 0.9797, 1.4708]', 30, 321), -- 769
('[0.0, 25.86631, 41.16905, 51.23311]', 28, 321), -- 770
('[12.437, 27.804, 61.185, 126.37]', 42, 321); -- 771

------------------------

INSERT INTO detonation_subcategories(detonation_id, category_id)
VALUES 
(322, 3); -- 322

INSERT INTO details(property_id, value)
VALUES 
(10, '1.43'); -- 373

INSERT INTO detonations(name, category_id, file_name, added_by, citation_id, legacy)
VALUES 
('at66e', 2, 'at66e.txt', 'Joe Shepherd', 80, 1); -- 322

INSERT INTO detonation_details(detonation_id, detail_id)
VALUES 
(322, 1), -- 2193
(322, 239), -- 2194
(322, 13), -- 2195
(322, 55), -- 2196
(322, 5), -- 2197
(322, 373); -- 2198

INSERT INTO data_points(column_data, property_id, detonation_id)
VALUES 
('[0.0, 0.48816, 0.96229, 1.4788, 2.0]', 30, 322), -- 772
('[0.0, 27.51942, 42.80641, 53.49222, 60.86957]', 28, 322), -- 773
('[9.9614, 24.107, 48.243, 104.47, 200.0]', 42, 322); -- 774

------------------------

INSERT INTO detonation_subcategories(detonation_id, category_id)
VALUES 
(323, 3); -- 323

INSERT INTO detonations(name, category_id, file_name, added_by, citation_id, legacy)
VALUES 
('at66f', 2, 'at66f.txt', 'Joe Shepherd', 80, 1); -- 323

INSERT INTO detonation_details(detonation_id, detail_id)
VALUES 
(323, 1), -- 2199
(323, 256), -- 2200
(323, 13), -- 2201
(323, 55), -- 2202
(323, 5), -- 2203
(323, 72); -- 2204

INSERT INTO data_points(column_data, property_id, detonation_id)
VALUES 
('[0.0, 0.48734, 0.9786, 1.4697, 1.9693]', 30, 323), -- 775
('[0.0, 26.76702, 42.32821, 52.43248, 59.62818]', 28, 323), -- 776
('[7.0284, 16.742, 37.43, 79.799, 164.81]', 42, 323); -- 777

------------------------

INSERT INTO detonation_subcategories(detonation_id, category_id)
VALUES 
(324, 3); -- 324

INSERT INTO details(property_id, value)
VALUES 
(11, '1.05'), -- 374
(12, '1.25'); -- 375

INSERT INTO detonations(name, category_id, file_name, added_by, citation_id, legacy)
VALUES 
('mk22e', 2, 'mk22e.txt', 'Joe Shepherd', 84, 1); -- 324

INSERT INTO detonation_details(detonation_id, detail_id)
VALUES 
(324, 17), -- 2205
(324, 238), -- 2206
(324, 21), -- 2207
(324, 55), -- 2208
(324, 5), -- 2209
(324, 374), -- 2210
(324, 375); -- 2211

INSERT INTO properties(name, units)
VALUES 
('Critical Tube Diameter', 'mm'); -- 43

INSERT INTO data_points(column_data, property_id, detonation_id)
VALUES 
('[1.07756, 1.26159]', 10, 324), -- 778
('[3007.58, 3011.11]', 43, 324); -- 779

------------------------

