INSERT INTO detonation_subcategories(detonation_id, category_id)
VALUES 
(281, 3); -- 281

INSERT INTO details(property_id, value)
VALUES 
(2, '400.0'), -- 348
(3, '2200.0'); -- 349

INSERT INTO detonations(name, category_id, file_name, added_by, citation_id, legacy)
VALUES 
('at161a', 2, 'at161a.txt', 'Joe Shepherd', 11, 1); -- 281

INSERT INTO detonation_details(detonation_id, detail_id)
VALUES 
(281, 1), -- 1931
(281, 161), -- 1932
(281, 13), -- 1933
(281, 348), -- 1934
(281, 349), -- 1935
(281, 5), -- 1936
(281, 316); -- 1937

INSERT INTO data_points(column_data, property_id, detonation_id)
VALUES 
('[51.8304, 59.5464, 134.512, 304.347, 282.458]', 42, 281), -- 673
('[2238.83, 1450.61, 946.43, 564.82, 421.03]', 1, 281); -- 674

------------------------

INSERT INTO detonation_subcategories(detonation_id, category_id)
VALUES 
(282, 3); -- 282

INSERT INTO details(property_id, value)
VALUES 
(3, '1200.0'); -- 350

INSERT INTO detonations(name, category_id, file_name, added_by, citation_id, legacy)
VALUES 
('at161b', 2, 'at161b.txt', 'Joe Shepherd', 11, 1); -- 282

INSERT INTO detonation_details(detonation_id, detail_id)
VALUES 
(282, 1), -- 1938
(282, 161), -- 1939
(282, 13), -- 1940
(282, 308), -- 1941
(282, 350), -- 1942
(282, 5), -- 1943
(282, 318); -- 1944

INSERT INTO data_points(column_data, property_id, detonation_id)
VALUES 
('[68.1482, 68.7634, 69.0754, 265.821, 275.8]', 42, 282), -- 675
('[1161.54, 708.73, 552.59, 324.53, 211.74]', 1, 282); -- 676

------------------------

INSERT INTO detonation_subcategories(detonation_id, category_id)
VALUES 
(283, 3); -- 283

INSERT INTO detonations(name, category_id, file_name, added_by, citation_id, legacy)
VALUES 
('at161c', 2, 'at161c.txt', 'Joe Shepherd', 11, 1); -- 283

INSERT INTO detonation_details(detonation_id, detail_id)
VALUES 
(283, 1), -- 1945
(283, 161), -- 1946
(283, 13), -- 1947
(283, 308), -- 1948
(283, 309), -- 1949
(283, 5), -- 1950
(283, 320); -- 1951

INSERT INTO data_points(column_data, property_id, detonation_id)
VALUES 
('[127.423, 129.903, 268.163, 279.353, 263.343, 277.475]', 42, 283), -- 677
('[1130.88, 872.02, 664.72, 518.36, 364.12, 226.39]', 1, 283); -- 678

------------------------

INSERT INTO detonation_subcategories(detonation_id, category_id)
VALUES 
(284, 3); -- 284

INSERT INTO details(property_id, value)
VALUES 
(2, '500.0'), -- 351
(3, '1900.0'); -- 352

INSERT INTO detonations(name, category_id, file_name, added_by, citation_id, legacy)
VALUES 
('at161d', 2, 'at161d.txt', 'Joe Shepherd', 11, 1); -- 284

INSERT INTO detonation_details(detonation_id, detail_id)
VALUES 
(284, 1), -- 1952
(284, 161), -- 1953
(284, 13), -- 1954
(284, 351), -- 1955
(284, 352), -- 1956
(284, 5), -- 1957
(284, 318); -- 1958

INSERT INTO data_points(column_data, property_id, detonation_id)
VALUES 
('[160.462, 206.325, 195.629, 265.914, 258.02]', 42, 284), -- 679
('[1897.32, 1508.81, 1150.15, 708.02, 502.99]', 1, 284); -- 680

------------------------

INSERT INTO detonation_subcategories(detonation_id, category_id)
VALUES 
(285, 3); -- 285

INSERT INTO detonations(name, category_id, file_name, added_by, citation_id, legacy)
VALUES 
('at147a', 2, 'at147a.txt', 'Joe Shepherd', 56, 1); -- 285

INSERT INTO detonation_details(detonation_id, detail_id)
VALUES 
(285, 1), -- 1959
(285, 161), -- 1960
(285, 13), -- 1961
(285, 55), -- 1962
(285, 5), -- 1963
(285, 6); -- 1964

INSERT INTO data_points(column_data, property_id, detonation_id)
VALUES 
('[101.3]', 1, 285), -- 681
('[206.6]', 42, 285); -- 682

------------------------

INSERT INTO detonation_subcategories(detonation_id, category_id)
VALUES 
(286, 3); -- 286

INSERT INTO details(property_id, value)
VALUES 
(10, '1.3'); -- 353

INSERT INTO detonations(name, category_id, file_name, added_by, citation_id, legacy)
VALUES 
('at147b', 2, 'at147b.txt', 'Joe Shepherd', 80, 1); -- 286

INSERT INTO detonation_details(detonation_id, detail_id)
VALUES 
(286, 17), -- 1965
(286, 161), -- 1966
(286, 13), -- 1967
(286, 55), -- 1968
(286, 5), -- 1969
(286, 353); -- 1970

INSERT INTO data_points(column_data, property_id, detonation_id)
VALUES 
('[101.3]', 1, 286), -- 683
('[51.5]', 42, 286); -- 684

------------------------

INSERT INTO detonation_subcategories(detonation_id, category_id)
VALUES 
(287, 3); -- 287

INSERT INTO detonations(name, category_id, file_name, added_by, citation_id, legacy)
VALUES 
('at147c', 2, 'at147c.txt', 'Joe Shepherd', 80, 1); -- 287

INSERT INTO detonation_details(detonation_id, detail_id)
VALUES 
(287, 1), -- 1971
(287, 161), -- 1972
(287, 13), -- 1973
(287, 55), -- 1974
(287, 5), -- 1975
(287, 353); -- 1976

INSERT INTO data_points(column_data, property_id, detonation_id)
VALUES 
('[101.3]', 1, 287), -- 685
('[116.8]', 42, 287); -- 686

------------------------

INSERT INTO detonation_subcategories(detonation_id, category_id)
VALUES 
(288, 3); -- 288

INSERT INTO detonations(name, category_id, file_name, added_by, citation_id, legacy)
VALUES 
('at147d', 2, 'at147d.txt', 'Joe Shepherd', 80, 1); -- 288

INSERT INTO detonation_details(detonation_id, detail_id)
VALUES 
(288, 1), -- 1977
(288, 161), -- 1978
(288, 13), -- 1979
(288, 55), -- 1980
(288, 5), -- 1981
(288, 353); -- 1982

INSERT INTO data_points(column_data, property_id, detonation_id)
VALUES 
('[101.3]', 1, 288), -- 687
('[260.2]', 42, 288); -- 688

------------------------

INSERT INTO detonation_subcategories(detonation_id, category_id)
VALUES 
(289, 3); -- 289

INSERT INTO details(property_id, value)
VALUES 
(2, '101.0'), -- 354
(3, '184.0'); -- 355

INSERT INTO detonations(name, category_id, file_name, added_by, citation_id, legacy)
VALUES 
('mk137k', 2, 'mk137k.txt', 'Joe Shepherd', 80, 1); -- 289

INSERT INTO detonation_details(detonation_id, detail_id)
VALUES 
(289, 17), -- 1983
(289, 161), -- 1984
(289, 13), -- 1985
(289, 354), -- 1986
(289, 355), -- 1987
(289, 5), -- 1988
(289, 6); -- 1989

INSERT INTO data_points(column_data, property_id, detonation_id)
VALUES 
('[183.98, 101.33]', 1, 289), -- 689
('[27.29, 51.19]', 42, 289); -- 690

------------------------

INSERT INTO detonation_subcategories(detonation_id, category_id)
VALUES 
(290, 3); -- 290

INSERT INTO details(property_id, value)
VALUES 
(1, '106.7'); -- 356

INSERT INTO detonations(name, category_id, file_name, added_by, citation_id, legacy)
VALUES 
('att2', 2, 'att2.txt', 'Joe Shepherd', 129, 1); -- 290

INSERT INTO detonation_details(detonation_id, detail_id)
VALUES 
(290, 17), -- 1990
(290, 161), -- 1991
(290, 13), -- 1992
(290, 356), -- 1993
(290, 5), -- 1994
(290, 6); -- 1995

INSERT INTO data_points(column_data, property_id, detonation_id)
VALUES 
('[106.66]', 1, 290), -- 691
('[32.0]', 42, 290); -- 692

------------------------

